{
  "name": "custom.python.activemq_artemis_plugin",
  "version": "1.20",
  "type": "python",
  "entity": "PROCESS_GROUP_INSTANCE",
  "metricGroup": "metrics",
  "processTypes": [10],
  "source": {
    "package": "activemq_artemis_plugin",
    "className": "QueueExecute",
    "install_requires": ["requests>=2.6.0"],
    "activation": "Singleton"
  },
  "metrics": [
{
"timeseries": {
"key": "MQ_Artemis_eventbus_message_count",
"unit": "Count",
"dimensions": ["queue_name"],
"displayname":"MQ_Artemis_eventbus_message_count"
}
},
{
"timeseries": {
"key": "MQ_Artemis_eventbus_messages_acknowledged",
"unit": "Count",
"dimensions": ["queue_name"],
"displayname":"MQ_Artemis_eventbus_messages_acknowledged"
}
},
{
"timeseries": {
"key": "MQ_Artemis_eventbus_consumer_count",
"unit": "Count",
"dimensions": ["queue_name"],
"displayname":"MQ_Artemis_eventbus_consumer_count"
}
},
{
"timeseries": {
"key": "MQ_Artemis_eventbus_messages_killed",
"unit": "Count",
"dimensions": ["queue_name"],
"displayname":"MQ_Artemis_eventbus_messages_killed"
}
},
{
"timeseries": {
"key": "MQ_Artemis_eventbus_messages_expired",
"unit": "Count",
"dimensions": ["queue_name"],
"displayname":"MQ_Artemis_eventbus_messages_expired"
}
}
],
"properties" : [
    {
	  "key" : "metric_type",
      "type" :  "Textarea"
    },
    {
	  "key" : "queue_name",
      "type" :  "Textarea"    
    },
        {
	  "key" : "process",
      "type" :  "String"    
    },
        {
	  "key" : "url",
      "type" :  "String"    
    }
    


  ],
   "configUI": {
        "displayName": "Artemis activemq plugin",
                "properties": [
                { "key" : "metric_type","displayName" :  "metric_type", "displayOrder": 1, "displayHint": "; is seperator" },
                { "key" : "queue_name","displayName" :  "queue_name", "displayOrder": 2,"displayHint": "; is seperator" },
                { "key" : "process","displayName" :  "ProcessName", "displayOrder": 3 },
                { "key" : "url","displayName" :  "url", "displayOrder": 4 }
    ]
    }
}
